Name,Gender,Birthday,Phone Number,Facebook,Certificate Type,Document ID,Register Date,Theory Test Date,Practice Test Date
Jennifer Hudson,Male,1995-06-23,080-6793-7010,pflores,Motorcycle,66150053,2023-12-19,2024-01-05,2024-01-27
Pamela Schmitt,Female,2002-08-19,080-2482-4106,eric59,Motorcycle,6711691,2023-12-25,2024-01-14,2024-01-29
Darius Sanchez,Female,1995-06-01,080-3361-1182,brianbaker,Motorcycle,74548306,2023-12-17,2024-01-16,2024-02-13
Wesley Simmons,Male,2000-10-22,080-8020-961,josephrobinson,Motorcycle,47695721,2023-12-22,2024-01-19,2024-01-21
Joseph Williams,Female,2002-09-22,080-3735-856,sgamble,Truck,73009345,2023-12-28,2024-01-25,2024-02-02
David Mcdowell,Female,1997-12-20,080-7499-2544,gjohnson,Car,9961673,2023-12-27,2024-01-16,2024-02-09
Valerie Smith,Male,2001-09-25,080-1433-8468,daniel85,Car,48805294,2023-12-22,2023-12-30,2024-01-11
Timothy Kirk,Female,2002-11-19,080-4204-1669,longjillian,Truck,19863506,2023-12-28,2024-01-18,2024-01-23
Erik Miles,Male,1988-08-02,080-1350-6054,zfernandez,Motorcycle,20712047,2023-12-19,2023-12-21,2024-01-04
Jeffrey Mendoza,Female,2005-08-01,080-7332-8145,ahunt,Truck,13262792,2023-12-17,2023-12-23,2023-12-28
Raymond Rodriguez,Male,1996-07-11,080-7848-406,whiteheaddawn,Motorcycle,70399030,2023-12-23,2023-12-28,2024-01-09
Allison Wolf,Female,1989-01-27,080-1137-3416,amyphelps,Motorcycle,93877710,2023-12-19,2024-01-03,2024-01-08
Karen Brown,Female,1998-12-14,080-4724-3731,lhunt,Car,94457137,2023-12-27,2024-01-08,2024-01-27
Daniel Huang,Male,1993-03-09,080-4815-1799,jonesjohnny,Truck,23035226,2023-12-11,2023-12-23,2024-01-12
Mrs. Debra Brown MD,Male,2002-11-09,080-2575-1267,jillianharrison,Car,77480033,2023-12-21,2024-01-08,2024-01-23
Debra Mccormick,Female,1988-03-22,080-8737-2701,kevin54,Truck,97788365,2023-12-23,2024-01-16,2024-02-07
Matthew Scott,Female,1988-01-16,080-3224-1983,melissamendez,Truck,78586194,2023-12-13,2023-12-15,2023-12-28
Robert Holden,Male,1992-05-11,080-669-6863,monica27,Car,18174674,2023-12-15,2024-01-09,2024-01-27
Chelsey Carter,Male,1996-12-07,080-4687-951,shepherdjohn,Motorcycle,89472593,2023-12-19,2023-12-22,2024-01-03
Jessica Kelley,Male,1996-07-05,080-1756-2348,emcintyre,Car,35578643,2023-12-30,2024-01-14,2024-02-06
Elizabeth Johnson,Female,2003-11-05,080-8265-8207,lynnapril,Motorcycle,19917218,2023-12-19,2023-12-22,2023-12-25
Tina Ochoa,Female,1989-05-03,080-815-6871,hughesalison,Car,87185034,2023-12-23,2024-01-01,2024-01-17
Linda Snyder,Female,1991-01-12,080-6963-9577,chiggins,Truck,59104149,2023-12-31,2024-01-06,2024-01-18
Mr. Christopher Frye II,Male,1988-07-12,080-1769-343,pricejulia,Truck,91913588,2023-12-29,2024-01-12,2024-01-13
Amy Henson,Male,1988-08-09,080-7212-3338,stacyarnold,Motorcycle,18242162,2023-12-19,2024-01-07,2024-01-29
Michael Thompson,Female,1998-04-16,080-8027-2936,brandon61,Motorcycle,16492257,2023-12-13,2023-12-18,2024-01-16
Renee Gardner,Male,1991-01-07,080-8799-6095,sarahzamora,Truck,15179442,2023-12-15,2024-01-04,2024-01-12
Greg Jones,Male,1993-05-30,080-8038-8682,gregorymichael,Motorcycle,40707986,2023-12-15,2024-01-04,2024-01-22
Jessica Jones,Female,1993-07-10,080-2571-1041,stevenskayla,Car,5116117,2023-12-27,2024-01-24,2024-02-14
Rachel Clarke,Female,1993-06-11,080-598-5680,douglas55,Truck,94666388,2023-12-20,2024-01-13,2024-02-01
Candice Davis,Female,2001-05-21,080-1560-798,flee,Truck,65845564,2023-12-11,2023-12-21,2024-01-12
Paula Johnson,Male,1999-09-29,080-6631-4502,bennettcourtney,Truck,21322162,2023-12-12,2024-01-06,2024-01-23
Patricia Rivera,Female,1992-08-17,080-7422-2866,douglasdouglas,Car,49665005,2023-12-30,2024-01-01,2024-01-23
Philip James,Male,2004-10-09,080-7744-2867,holmesgregory,Truck,14883184,2023-12-21,2024-01-20,2024-02-04
Christine Lee,Male,1997-07-19,080-3716-1875,zdouglas,Truck,93481733,2023-12-27,2024-01-07,2024-01-31
Stephanie Brennan,Male,2001-06-18,080-214-3715,steven11,Truck,44306747,2023-12-18,2023-12-19,2024-01-04
Michael Holmes,Female,1988-10-03,080-1927-6826,shawn03,Motorcycle,44930367,2023-12-25,2023-12-29,2024-01-05
Jaime Wang,Female,2001-03-11,080-8858-4879,jasminerobinson,Truck,16303613,2023-12-24,2024-01-02,2024-01-14
Darren Miller Jr.,Female,2004-12-13,080-247-7206,etran,Motorcycle,11884387,2023-12-29,2024-01-19,2024-02-15
Michael Novak,Male,1990-11-09,080-6030-8708,bradleyjones,Truck,73469456,2023-12-27,2024-01-05,2024-02-01
Daniel Bell,Female,2002-06-26,080-9874-185,dhunt,Motorcycle,75205704,2023-12-30,2024-01-19,2024-02-10
Benjamin Mcfarland,Female,2002-07-12,080-2884-532,andersonkimberly,Truck,82899626,2023-12-10,2024-01-05,2024-01-10
Brandon Johnson,Female,1992-05-29,080-5424-7721,haley66,Truck,43578187,2023-12-22,2023-12-31,2024-01-20
Debra Parker,Male,1995-03-09,080-841-766,tschultz,Motorcycle,29607972,2023-12-14,2024-01-07,2024-01-17
Heidi Hall,Female,1994-09-02,080-5209-2769,brightryan,Car,14900990,2023-12-21,2023-12-23,2024-01-01
Crystal Allison,Female,2000-08-15,080-2841-8720,johnathanmerritt,Car,30633497,2023-12-21,2024-01-10,2024-01-26
Bryan Johnson,Male,1992-11-22,080-4539-8176,aherring,Car,52223004,2023-12-17,2023-12-30,2024-01-21
Robert Lewis,Male,2005-01-17,080-3093-9170,jimmy29,Motorcycle,72265503,2023-12-17,2023-12-24,2023-12-26
Mark Johnson,Female,1991-04-12,080-9387-6883,philip37,Car,30206624,2023-12-17,2023-12-27,2024-01-13
Andrew Conner,Male,1990-05-13,080-6205-6878,matthew82,Truck,80513529,2023-12-12,2023-12-28,2023-12-31
Marvin Lucas,Female,1996-12-29,080-9068-7350,christopher60,Car,60267547,2023-12-15,2023-12-27,2023-12-31
Hannah Brown,Female,2001-05-30,080-7082-7624,anne78,Motorcycle,7940327,2023-12-31,2024-01-12,2024-01-14
Dean Nicholson,Male,1995-10-14,080-8213-152,georgedonald,Truck,51771267,2023-12-15,2024-01-05,2024-01-06
Nathan Adams,Female,1993-06-29,080-896-50,brandimullins,Car,51632496,2023-12-30,2024-01-22,2024-01-26
Kimberly Kim,Female,2004-08-25,080-1235-4800,xmullins,Car,47760319,2023-12-09,2023-12-15,2024-01-04
Wesley Gonzalez,Male,1994-09-23,080-9284-8493,dfarley,Car,26417196,2023-12-21,2023-12-28,2024-01-19
David Glover,Female,1995-04-07,080-4379-2020,wpotter,Motorcycle,98193717,2023-12-19,2024-01-18,2024-01-22
Deborah Stone,Female,1995-11-20,080-4600-1406,tinamcdaniel,Car,98884151,2023-12-24,2023-12-31,2024-01-09
Brandon Evans,Female,1994-10-26,080-3488-2144,scohen,Truck,30408662,2023-12-24,2024-01-09,2024-02-02
Christina Wiley,Male,1990-08-01,080-9752-4254,jennifer69,Motorcycle,82238152,2023-12-19,2023-12-27,2024-01-02
Nicholas Sharp,Female,2003-02-07,080-9492-3820,dnorris,Truck,18549650,2023-12-14,2023-12-15,2024-01-08
Michelle Gonzalez,Female,2003-03-14,080-1991-7869,johnathan89,Car,38740084,2023-12-30,2024-01-10,2024-01-22
Eric Garcia,Male,1996-07-22,080-4576-3692,mkidd,Motorcycle,27524535,2023-12-13,2023-12-28,2024-01-23
Lisa White,Male,1995-04-23,080-3265-5270,drakewilliam,Car,44481618,2023-12-22,2024-01-18,2024-02-07
Gabriela Smith,Male,2002-12-11,080-5191-2423,laura92,Truck,33836375,2023-12-28,2023-12-31,2024-01-15
Thomas Wheeler,Female,2004-01-24,080-6493-6963,crossconnie,Truck,48680966,2023-12-28,2024-01-09,2024-01-19
Emily Griffin,Male,2005-11-10,080-1683-8509,garciakaren,Motorcycle,29502683,2023-12-12,2023-12-25,2024-01-04
Rachel Garcia,Male,2005-09-21,080-6500-1854,weisstimothy,Car,18535336,2023-12-31,2024-01-24,2024-02-23
Tyler Steele,Female,2002-10-15,080-6467-8508,heatherterrell,Motorcycle,95549346,2023-12-30,2024-01-24,2024-02-22
Tracy Buckley,Male,2005-09-28,080-7489-4965,mataeric,Motorcycle,91941824,2023-12-11,2024-01-02,2024-01-27
Sharon Avila,Male,2002-04-27,080-4216-3931,robinshepherd,Motorcycle,86148289,2023-12-27,2023-12-29,2024-01-11
Andre Paul,Male,1994-07-22,080-3022-9637,rdean,Motorcycle,84472930,2023-12-15,2024-01-09,2024-02-06
Erika Brown,Female,1997-10-18,080-3137-3660,marshallandrew,Car,60275039,2023-12-26,2024-01-09,2024-02-05
Nicole Smith,Female,1994-03-15,080-1637-5661,uwilliams,Motorcycle,69439864,2023-12-28,2024-01-17,2024-01-19
Vanessa Wilson,Male,2005-04-24,080-8708-1065,carrie73,Car,40653066,2023-12-13,2023-12-26,2024-01-08
Melissa Smith,Male,2002-07-12,080-1699-5535,smithbrooke,Truck,78454594,2023-12-08,2023-12-10,2023-12-19
William Davis,Female,2002-08-12,080-202-6102,bradleyjustin,Truck,84392992,2023-12-09,2023-12-28,2024-01-10
Brandy Lopez,Male,2001-04-09,080-3924-4415,christie38,Car,4028082,2023-12-22,2024-01-20,2024-01-23
Kristen Gomez,Female,2004-05-19,080-4759-3596,justinhicks,Motorcycle,67754234,2023-12-30,2024-01-01,2024-01-24
Scott Lawson,Female,2005-06-14,080-2862-7681,ganderson,Car,45836101,2023-12-18,2024-01-01,2024-01-16
Erin Bradley,Male,1995-06-20,080-2891-8376,jordan07,Truck,50029525,2023-12-28,2024-01-06,2024-01-28
Todd Sanchez,Female,1988-12-03,080-7982-6024,kellyedwards,Truck,77112870,2023-12-19,2024-01-01,2024-01-17
Nicholas Haley,Male,2001-11-13,080-5405-2894,martinchristopher,Car,94337861,2023-12-10,2023-12-13,2023-12-17
Taylor Floyd,Female,1993-08-29,080-3840-6612,mitchellhector,Motorcycle,27091267,2023-12-12,2023-12-20,2023-12-24
Brandon Moody,Female,1988-06-18,080-600-6737,cassandra88,Car,32821740,2023-12-27,2024-01-08,2024-01-12
Sandra Roberts,Female,1990-01-02,080-5985-6022,tnelson,Truck,27793524,2023-12-08,2023-12-28,2024-01-05
Cheryl Contreras,Male,2002-05-05,080-9601-3595,heatherbeltran,Motorcycle,38389031,2023-12-27,2024-01-05,2024-01-27
Megan Woodard,Female,2003-06-18,080-359-9482,knappnichole,Car,96527382,2023-12-09,2023-12-13,2023-12-17
Adam Ramirez,Male,1994-12-31,080-565-9471,patrickkelly,Motorcycle,99822065,2023-12-10,2023-12-23,2024-01-05
Hannah Miller,Male,1998-03-05,080-9884-7855,cgray,Motorcycle,65475763,2023-12-08,2023-12-13,2024-01-11
Kyle Hill,Male,1994-08-31,080-7020-5954,duncanbethany,Car,65029326,2023-12-17,2023-12-24,2024-01-14
Laura Myers,Female,1993-10-26,080-1671-2194,taylorkevin,Car,48040789,2023-12-22,2024-01-07,2024-01-19
Matthew Yu,Female,1998-06-13,080-2366-9666,karenmendoza,Motorcycle,95788745,2023-12-16,2023-12-17,2024-01-01
Amy Coleman,Male,1991-08-15,080-3698-7267,ndavis,Motorcycle,38699685,2023-12-10,2023-12-21,2023-12-24
Ryan Williams,Male,1990-06-10,080-5673-5900,ymiranda,Truck,16389387,2023-12-22,2023-12-23,2024-01-16
Brittany Mueller,Female,1989-01-29,080-6313-945,ccowan,Truck,41109509,2023-12-17,2024-01-07,2024-01-19
Logan Strong,Male,2002-05-21,080-1585-4074,janet95,Car,46648025,2023-12-21,2024-01-17,2024-01-18
Kelly Benton,Female,1988-06-23,080-428-4807,emilyperez,Car,50815918,2023-12-31,2024-01-01,2024-01-29
Jonathan Clayton,Male,1998-08-10,080-7968-9366,chadmurphy,Car,67179115,2023-12-29,2024-01-16,2024-01-20
Andrea White DDS,Female,1994-02-01,080-7845-6596,dgomez,Truck,96892808,2023-12-13,2023-12-14,2024-01-13
Renee Cox,Female,1989-01-01,080-7773-2652,jennifer92,Car,41770605,2023-12-29,2024-01-03,2024-01-30
Angelica Davis,Female,1996-04-22,080-4521-2136,mark14,Motorcycle,3006610,2023-12-11,2023-12-12,2023-12-31
David Johnson,Female,1999-05-01,080-5908-659,derrick39,Truck,88369037,2023-12-18,2024-01-13,2024-01-28
James Stevenson,Female,1992-06-27,080-3831-6486,terrygomez,Car,715279,2023-12-09,2023-12-16,2024-01-10
Matthew Zhang,Female,1993-11-29,080-8832-7022,romerogary,Truck,38769140,2023-12-17,2024-01-14,2024-01-16
Dennis Melton,Male,2005-11-29,080-77-5101,wilsoncolton,Motorcycle,55409952,2023-12-24,2024-01-16,2024-02-01
Tammy Brown,Female,2005-02-09,080-1313-6178,joshuamunoz,Car,17499529,2023-12-16,2023-12-23,2024-01-10
Anthony Hernandez,Male,1989-04-01,080-3073-5469,ericedwards,Truck,25729739,2023-12-08,2023-12-21,2023-12-25
Deanna Williamson,Male,1994-09-23,080-7504-2980,glennmary,Truck,5880942,2023-12-25,2024-01-05,2024-01-21
Natalie White,Female,1995-10-15,080-7003-6229,lanejennifer,Car,19462188,2023-12-11,2023-12-27,2024-01-18
Tammy Vaughn,Female,1994-02-23,080-4250-4240,nancy72,Car,25359870,2023-12-30,2024-01-28,2024-02-18
Joseph Lopez,Male,1997-09-30,080-2152-6652,fjohnston,Truck,35561269,2023-12-11,2024-01-10,2024-02-01
Anthony White,Female,2001-08-10,080-4321-6088,holly09,Truck,21300665,2023-12-24,2023-12-28,2024-01-23
Julie Powell,Male,1989-09-20,080-4055-9040,juan25,Motorcycle,98630922,2023-12-29,2024-01-23,2024-01-24
Elizabeth Brown,Male,1994-10-07,080-8843-2406,davidboone,Motorcycle,77396753,2023-12-14,2023-12-18,2024-01-05
Janet Allen,Female,1991-12-07,080-9065-8665,jessica97,Car,92038493,2023-12-16,2024-01-13,2024-02-08
Megan Burke,Female,1998-12-14,080-5262-6511,peckleslie,Truck,75899201,2023-12-28,2024-01-17,2024-02-03
Amanda Gordon,Female,1988-05-03,080-1967-430,timothy57,Motorcycle,44379556,2023-12-30,2023-12-31,2024-01-29
Caleb Becker,Female,1996-05-08,080-6736-1095,desiree28,Truck,68916246,2023-12-29,2024-01-21,2024-02-09
Sarah Williams,Male,1998-07-03,080-5702-8307,shawn19,Truck,42313351,2023-12-21,2024-01-11,2024-02-03
Natalie Schaefer,Female,1988-10-10,080-1814-3532,amyphillips,Truck,11114387,2023-12-10,2023-12-18,2024-01-06
Christine Johnson,Female,1995-12-24,080-2925-1693,michaelhart,Car,46088426,2023-12-09,2023-12-25,2024-01-07
Mr. Jaime Velez,Male,1994-03-03,080-5708-2548,millsstacey,Motorcycle,95350702,2023-12-28,2024-01-04,2024-01-31
Willie Torres,Female,1994-07-08,080-3085-5546,justinchen,Truck,20391778,2023-12-23,2024-01-17,2024-02-15
Kelsey Bass,Female,1991-10-04,080-7578-744,nicholasdavis,Car,1349749,2023-12-15,2023-12-26,2023-12-30
Natalie Hines,Male,1988-07-03,080-974-4630,valeriesanchez,Motorcycle,10593158,2023-12-15,2023-12-29,2024-01-04
Mike Gonzalez,Female,2000-12-19,080-7165-2501,joy88,Truck,18488990,2023-12-30,2024-01-06,2024-01-24
Justin Rodriguez,Female,2003-06-06,080-1565-1009,wgutierrez,Motorcycle,65936961,2023-12-31,2024-01-05,2024-02-04
Richard Fernandez,Female,1990-11-30,080-9645-5462,carriecalderon,Motorcycle,9641868,2023-12-20,2024-01-02,2024-01-25
Christy Patel,Male,1997-12-26,080-6928-7751,lisa39,Motorcycle,31265907,2023-12-20,2023-12-27,2024-01-10
Matthew White MD,Male,1992-04-16,080-1204-1130,bmiller,Motorcycle,42019417,2023-12-26,2023-12-31,2024-01-13
Kathryn Miller,Male,2005-08-18,080-1789-1029,miguel34,Car,51433514,2023-12-21,2024-01-12,2024-01-16
Richard Chambers,Female,2004-07-19,080-2598-6243,susan92,Car,10819628,2023-12-19,2024-01-03,2024-01-18
Kathy Murphy,Male,2000-10-07,080-6358-47,rebecca54,Truck,18437576,2023-12-19,2024-01-18,2024-02-04
Matthew Hartman,Female,2000-05-17,080-6915-6231,bradleyoconnor,Truck,31759483,2023-12-26,2024-01-21,2024-02-20
Tina Lawrence,Female,1993-02-25,080-3380-3023,alexandra59,Truck,27768610,2023-12-22,2024-01-03,2024-01-05
Shelley Murphy,Male,1988-09-09,080-1068-7419,samantha24,Truck,67424201,2023-12-10,2023-12-24,2024-01-05
Ralph Clark,Female,2004-07-24,080-5601-165,rmoore,Truck,43300566,2023-12-19,2024-01-02,2024-01-16
Eric Long,Female,2000-04-15,080-6655-6621,jefferymedina,Truck,40441925,2023-12-18,2023-12-24,2024-01-14
Matthew Ellis,Female,1988-05-26,080-6217-3257,edawson,Motorcycle,70230539,2023-12-19,2024-01-08,2024-02-06
Rebecca Woodward,Male,2002-01-17,080-3876-9932,williamsjeffrey,Motorcycle,96006316,2023-12-08,2023-12-09,2024-01-05
Jennifer Gentry DDS,Female,1994-03-15,080-2574-996,jonathan64,Motorcycle,25319156,2023-12-11,2024-01-03,2024-01-15
Debbie Chavez,Male,2000-09-05,080-4403-505,rosemichelle,Motorcycle,63557038,2023-12-13,2024-01-11,2024-02-06
Haley Dorsey,Male,2001-11-13,080-5590-9754,fwolfe,Truck,64652733,2023-12-25,2023-12-29,2024-01-04
Brandon Andersen,Female,1993-03-18,080-4847-486,christine22,Car,80489066,2023-12-13,2023-12-28,2024-01-08
Joshua Miller,Male,1993-03-31,080-5839-352,kmartinez,Car,83834511,2023-12-23,2023-12-25,2024-01-18
Veronica Phillips,Female,1996-06-30,080-3221-4256,alexjohnson,Motorcycle,25384465,2023-12-31,2024-01-11,2024-01-28
Melvin Phillips,Female,2000-05-22,080-6016-5946,ann63,Car,20588839,2023-12-18,2024-01-10,2024-01-16
Rebecca Villarreal,Male,2002-01-15,080-957-8694,panderson,Motorcycle,64058356,2023-12-29,2024-01-26,2024-02-16
Daniel Quinn,Female,1996-03-09,080-4070-7132,fharrison,Motorcycle,27154384,2023-12-13,2024-01-08,2024-01-21
Alec Cobb,Male,1996-02-09,080-8838-4420,corey54,Car,55891190,2023-12-22,2024-01-02,2024-01-20
Danielle Golden,Male,2002-09-24,080-8811-9254,sandovaljeremy,Motorcycle,52888114,2023-12-23,2024-01-07,2024-01-11
Melinda Brown,Male,1994-10-14,080-6967-9854,amy50,Car,95490750,2023-12-08,2023-12-21,2024-01-01
John Gardner,Male,1994-03-19,080-5500-3595,trevinophilip,Motorcycle,8113832,2023-12-28,2024-01-12,2024-01-29
Kara Parker,Female,1995-10-02,080-8510-294,deanadams,Truck,75536662,2023-12-28,2024-01-09,2024-01-14
Scott Smith,Female,1993-04-22,080-7302-4310,nicolebuchanan,Truck,87277911,2023-12-19,2023-12-31,2024-01-21
Chris Pacheco,Female,2005-08-01,080-7188-1282,calvinnelson,Car,81655304,2023-12-30,2024-01-28,2024-01-29
Gina Foley,Male,1993-12-16,080-8580-2260,olsonmolly,Motorcycle,40661832,2023-12-20,2024-01-15,2024-01-16
Jason Garcia,Male,1992-12-13,080-4860-4196,bridgetwalsh,Motorcycle,94362909,2023-12-29,2024-01-26,2024-02-21
Mr. Michael Stanley Jr.,Male,1998-03-28,080-8840-2809,james21,Truck,40473971,2023-12-28,2024-01-08,2024-01-28
Paul Banks,Male,1996-02-08,080-4925-1612,rpalmer,Truck,36727786,2023-12-18,2023-12-19,2023-12-29
Kristin Miller,Female,2002-10-05,080-2547-6961,estanley,Car,21546399,2023-12-10,2023-12-13,2024-01-08
Denise Nicholson,Male,2001-09-18,080-9855-2598,aaronmeyer,Motorcycle,98819430,2023-12-29,2024-01-21,2024-02-15
Anthony Gilbert,Female,2003-11-28,080-346-1263,emily75,Truck,74022302,2023-12-09,2023-12-11,2023-12-19
Scott Finley,Female,1990-11-15,080-7027-7669,skinnerpaul,Motorcycle,18180361,2023-12-10,2023-12-19,2023-12-20
Cheryl Anderson,Female,2004-11-09,080-2392-2258,ipittman,Motorcycle,33735376,2023-12-22,2024-01-13,2024-02-04
Mark Baxter,Female,2003-11-12,080-652-4462,brian17,Car,33227163,2023-12-23,2024-01-03,2024-01-05
Dan Bell,Female,1991-02-02,080-4415-9110,ericmiller,Motorcycle,81546485,2023-12-20,2023-12-25,2024-01-22
Briana Garrison,Male,1987-12-15,080-5908-1964,jeremyfreeman,Truck,22659825,2023-12-15,2024-01-11,2024-01-21
James Carpenter II,Male,1994-12-05,080-6360-6579,ivan92,Motorcycle,2539866,2023-12-18,2024-01-11,2024-01-22
Abigail Thompson,Male,2001-09-20,080-9319-8527,linda17,Car,16334971,2023-12-12,2023-12-17,2024-01-08
Joseph Richards,Female,1999-01-22,080-1215-3955,heidistafford,Truck,57825124,2023-12-30,2024-01-29,2024-02-10
Jesse Cruz,Male,2004-06-13,080-7479-6586,richardsonkaitlyn,Truck,298193,2023-12-18,2024-01-03,2024-01-27
Amy Hunt,Male,1996-01-06,080-7539-4453,falexander,Truck,88013971,2023-12-16,2023-12-26,2024-01-11
Dr. Andrew Washington PhD,Female,1999-01-28,080-7058-6949,spencerjoshua,Car,26513006,2023-12-10,2023-12-25,2024-01-05
Matthew Cole,Female,1994-10-10,080-8009-110,reedmark,Motorcycle,17808123,2023-12-17,2024-01-02,2024-01-05
William Wyatt,Female,1998-07-24,080-3101-4197,david26,Truck,50549637,2023-12-19,2023-12-26,2024-01-22
Samuel Ayala,Male,1999-06-14,080-446-6322,wwalter,Car,10779633,2023-12-21,2023-12-26,2024-01-18
Lawrence Mays,Male,2003-07-01,080-7865-6328,gcombs,Truck,21635513,2023-12-28,2024-01-18,2024-01-19
Katie Myers,Female,2001-09-10,080-2881-1146,gthompson,Car,14764730,2023-12-10,2023-12-19,2024-01-02
Karen Schultz,Male,1997-01-20,080-116-6498,stephanieshields,Truck,70367457,2023-12-22,2024-01-10,2024-01-14
Kathy Vasquez,Female,1999-02-21,080-7714-717,seanmorris,Truck,59181182,2023-12-26,2024-01-01,2024-01-21
Taylor Johnston,Male,2003-03-23,080-671-147,juanhenderson,Motorcycle,25787067,2023-12-23,2024-01-06,2024-01-29
Sharon Clark,Female,1990-06-12,080-1101-1812,qsimpson,Truck,6065257,2023-12-09,2023-12-10,2024-01-03
Ryan Freeman,Male,2003-03-22,080-3186-4802,icombs,Car,32608640,2023-12-10,2023-12-25,2024-01-09
Mary Ortiz,Male,1995-01-03,080-5561-2815,mallory15,Car,70169663,2023-12-27,2023-12-29,2024-01-17
Nancy Jones,Male,1996-02-07,080-5461-6838,wilsonjames,Motorcycle,59656955,2023-12-10,2023-12-21,2023-12-27
Sean Mcintosh,Female,1995-07-30,080-4655-8279,manningcolleen,Car,89497324,2023-12-17,2024-01-14,2024-02-05
Joseph Hendricks,Female,1999-09-22,080-1256-7002,heidilee,Truck,63421782,2023-12-10,2023-12-27,2024-01-06
Laura Keller,Male,1998-08-25,080-6907-3937,robinsonryan,Truck,11127998,2023-12-24,2024-01-19,2024-01-31
Vincent Lopez,Male,2004-03-30,080-7269-2971,cody79,Motorcycle,59894071,2023-12-24,2024-01-04,2024-01-06
Sandra Durham,Female,1999-11-03,080-4135-9223,tarapierce,Motorcycle,87883771,2023-12-29,2024-01-05,2024-02-01
Brandon Martin,Female,2004-06-19,080-2045-400,ygarcia,Motorcycle,42798138,2023-12-20,2024-01-05,2024-01-09
Nicholas Robertson,Male,2005-05-13,080-6677-9497,david73,Car,28736922,2023-12-09,2023-12-19,2023-12-26
Alexander Mitchell,Male,1988-09-20,080-5048-7728,sbailey,Car,63120991,2023-12-18,2023-12-30,2024-01-19
Ashley Guerrero,Female,2003-03-27,080-1879-166,cheryl13,Car,12056264,2023-12-15,2024-01-10,2024-02-09
Emily Holt,Female,2000-03-26,080-373-8393,ninamoore,Motorcycle,84818797,2023-12-16,2023-12-21,2023-12-25
Daniel Sanchez,Female,1994-01-17,080-4736-4330,donna84,Truck,95326980,2023-12-19,2024-01-06,2024-01-30
Jill Perez,Male,2004-07-18,080-6466-6426,ystewart,Truck,97577904,2023-12-09,2023-12-27,2024-01-12
Richard Ortega,Female,1996-07-20,080-5629-171,jestrada,Truck,94132054,2023-12-29,2024-01-04,2024-01-25
Joshua Moran,Female,1999-09-23,080-1987-3739,dsmith,Truck,35349293,2023-12-26,2023-12-27,2024-01-08
Ashley Mcdonald,Female,1988-08-27,080-9424-4,cynthiasimmons,Car,63031174,2023-12-19,2024-01-04,2024-01-11
Brittany Pacheco,Female,2003-09-20,080-2368-8821,henryperez,Truck,49257515,2023-12-26,2024-01-13,2024-01-27
Jesse Pena,Female,1996-08-21,080-7226-2971,joycejones,Car,10680361,2023-12-18,2024-01-02,2024-01-16
Tracy Jones,Male,1995-03-25,080-1905-5887,andrew90,Car,74690214,2023-12-23,2024-01-21,2024-02-02
James Lang,Male,1993-04-18,080-7834-2611,bill91,Car,65962206,2023-12-17,2024-01-07,2024-01-21
David Mitchell,Male,2005-10-06,080-9994-3772,christinamartinez,Truck,84181910,2023-12-29,2024-01-15,2024-01-20
Wayne Peters,Male,1996-12-30,080-9923-8977,yvega,Motorcycle,63780348,2023-12-27,2024-01-03,2024-01-25
Shane Washington,Male,2003-06-05,080-6796-447,richmegan,Truck,2042867,2023-12-20,2024-01-18,2024-01-24
Wesley Johnson,Female,1996-03-30,080-9551-3395,tamara78,Car,10475417,2023-12-17,2023-12-23,2024-01-05
Micheal Ramirez,Male,2004-04-04,080-2909-435,zgonzalez,Truck,9619462,2023-12-21,2024-01-03,2024-01-17
Mrs. Cindy Parrish MD,Male,1992-05-28,080-679-6175,ericsimpson,Car,90702664,2023-12-20,2024-01-09,2024-01-25
Charles Garcia,Male,2001-02-14,080-4154-5977,zcurtis,Motorcycle,54006250,2023-12-09,2024-01-08,2024-01-24
Kendra Richardson,Female,1999-01-02,080-132-4572,charlotte53,Car,6903271,2023-12-18,2024-01-11,2024-02-01
Mr. Wayne Garcia,Male,1990-12-03,080-9752-821,brandon28,Motorcycle,98222472,2023-12-10,2023-12-29,2024-01-01
Sheila Sanders,Female,1989-09-23,080-2714-5169,rperez,Motorcycle,65024910,2023-12-16,2024-01-03,2024-01-06
Amanda Haley,Male,1989-03-19,080-7546-7187,wolfebrian,Motorcycle,28131085,2023-12-26,2024-01-09,2024-01-26
Karen Hall,Male,1989-06-09,080-7839-7396,turnercharlotte,Motorcycle,84486252,2023-12-15,2023-12-27,2024-01-08
William Henry,Female,1992-10-17,080-5493-207,david23,Truck,88412896,2023-12-10,2023-12-30,2024-01-12
Lisa Flores,Male,1998-06-10,080-4935-7542,heather97,Car,24657834,2023-12-14,2024-01-10,2024-01-25
Jamie Wilson,Male,2001-11-09,080-2385-739,gregory95,Truck,82564005,2023-12-13,2024-01-07,2024-01-22
Kimberly Torres,Male,1997-04-11,080-6775-5098,andrew25,Motorcycle,40736675,2023-12-28,2024-01-21,2024-01-24
Jonathan Rojas,Male,2002-06-29,080-6430-9447,ronaldduran,Motorcycle,22246617,2023-12-21,2024-01-09,2024-02-02
Christina Dominguez,Male,1997-03-10,080-7855-6180,kristystein,Motorcycle,52662773,2023-12-16,2023-12-22,2023-12-26
Krystal Stanley,Male,1994-01-29,080-6206-64,megan28,Motorcycle,96841374,2023-12-21,2024-01-16,2024-01-28
Allison Smith,Female,1991-07-29,080-6306-1769,kimberly76,Car,13458603,2023-12-23,2024-01-13,2024-01-22
Courtney Robertson,Female,1991-09-29,080-4667-5188,tsims,Car,80077723,2023-12-28,2023-12-30,2024-01-04
Jamie Lewis,Male,1989-02-15,080-1922-3826,debrachen,Truck,10406468,2023-12-29,2024-01-21,2024-02-11
Kenneth Olson,Male,2004-01-21,080-8843-1532,hconner,Motorcycle,61526074,2023-12-19,2024-01-15,2024-01-26
Ruben Thompson,Female,1998-08-29,080-7705-7282,michaelcochran,Car,95013061,2023-12-11,2024-01-04,2024-01-08
Stephanie Bush,Female,1997-04-12,080-8204-1257,lori95,Truck,62495618,2023-12-20,2024-01-04,2024-01-07
Samantha Evans,Male,1992-07-18,080-4333-4939,obrown,Car,61149579,2023-12-27,2024-01-19,2024-01-23
Craig Moore,Male,1998-10-06,080-9698-644,blackmichael,Car,25527140,2023-12-24,2024-01-10,2024-01-30
Alyssa Gonzales,Male,1989-04-02,080-8076-814,nmitchell,Car,88996741,2023-12-12,2023-12-22,2024-01-20
Kim Thompson,Female,2000-12-03,080-4646-75,solomonkatelyn,Car,20833458,2023-12-13,2024-01-01,2024-01-25
Michael Marks,Female,2003-08-15,080-2740-9579,knorton,Motorcycle,19037829,2023-12-23,2024-01-11,2024-01-23
Cassandra Esparza,Male,1998-02-14,080-6833-8518,ronald00,Motorcycle,65385046,2023-12-20,2023-12-25,2024-01-10
Stephanie Hill PhD,Female,1997-01-24,080-302-9018,tfisher,Car,77542495,2023-12-28,2024-01-26,2024-02-14
Joshua Baldwin,Male,1990-09-13,080-6571-220,daniel04,Motorcycle,27002534,2023-12-11,2023-12-23,2024-01-17
Susan Macdonald,Male,1998-01-31,080-1745-8854,travis72,Motorcycle,34546249,2023-12-14,2024-01-07,2024-01-27
Abigail Howard,Female,1991-03-13,080-8748-5221,xnorton,Truck,65461079,2023-12-12,2024-01-09,2024-01-25
Lori Mcmillan,Male,2001-03-06,080-4931-2364,daniel33,Motorcycle,67114729,2023-12-21,2023-12-25,2024-01-05
Rachel Morgan,Male,2001-04-27,080-9124-4805,nbaker,Car,98752859,2023-12-28,2024-01-14,2024-02-11
Lydia Small,Female,2001-04-21,080-5223-6590,hevans,Motorcycle,64854193,2023-12-27,2024-01-08,2024-01-13
Lori Grant,Female,1991-11-02,080-6285-9813,gonzalezdavid,Car,46856123,2023-12-17,2024-01-06,2024-01-24
Tina Phelps,Female,1993-07-22,080-4748-2744,everettmatthew,Car,75045584,2023-12-16,2024-01-06,2024-01-15
Justin Butler,Female,1991-07-10,080-2805-5770,mason19,Car,60204256,2023-12-28,2024-01-01,2024-01-26
Michael Jones,Female,1998-05-20,080-2578-7397,kimberly87,Car,12426758,2023-12-29,2024-01-28,2024-02-23
Melinda Miller,Male,1989-11-21,080-9425-4307,kevin20,Car,30157867,2023-12-16,2023-12-27,2024-01-10
Jessica Webb,Male,1988-08-05,080-5700-304,margaretsteele,Car,27272032,2023-12-19,2024-01-13,2024-01-24
Mary Harris,Female,1991-12-27,080-3824-6308,michaelstevenson,Car,4245468,2023-12-22,2024-01-16,2024-02-04
Elizabeth Fitzpatrick,Female,2005-11-30,080-9005-8763,leslie06,Car,28621234,2023-12-24,2023-12-31,2024-01-19
Samuel Davis,Male,2003-10-15,080-8795-1739,cindy41,Motorcycle,58798223,2023-12-12,2023-12-28,2024-01-21
Lisa Jones,Male,2003-03-06,080-9215-7096,chelseacolon,Car,67786775,2023-12-09,2023-12-29,2024-01-05
Ricky Jenkins,Male,1997-04-29,080-672-8352,donovankimberly,Truck,54736948,2023-12-23,2024-01-14,2024-02-08
Maria Gibson,Female,1988-08-20,080-7889-7463,ronaldgraves,Truck,74087464,2023-12-09,2023-12-21,2024-01-02
Brittney Evans,Male,1998-12-01,080-283-3649,judygoodman,Motorcycle,54869008,2023-12-30,2024-01-24,2024-02-07
James Brennan,Male,2001-04-02,080-1933-4698,wendydoyle,Truck,86620934,2023-12-09,2023-12-29,2024-01-17
Ralph Jones,Female,2000-03-07,080-5532-5420,cherylsmith,Truck,89459983,2023-12-12,2023-12-25,2024-01-01
Stephanie Walters,Female,2001-07-21,080-8715-6549,jonathanwilson,Truck,27891893,2023-12-25,2024-01-05,2024-01-07
Rhonda Jackson,Female,1988-02-05,080-5407-5950,phaynes,Car,40268392,2023-12-28,2024-01-08,2024-01-26
Katherine Larson,Male,2000-05-06,080-2716-2345,brandonflores,Truck,94721843,2023-12-24,2024-01-15,2024-02-14
William Vasquez MD,Male,1990-10-18,080-1869-2480,tamarathomas,Car,37098283,2023-12-21,2024-01-01,2024-01-10
Bradley Archer,Male,2005-04-10,080-2076-9728,harold51,Motorcycle,90421630,2023-12-19,2024-01-18,2024-02-05
Deborah Saunders,Female,2003-10-25,080-9101-9194,monique07,Car,10399737,2023-12-10,2023-12-25,2024-01-13
Stacey Blackwell,Male,1998-03-24,080-6114-3507,christinapitts,Truck,46320544,2023-12-22,2024-01-18,2024-02-17
Mark Parks,Female,2000-07-05,080-996-3980,dgarcia,Truck,73235016,2023-12-22,2024-01-13,2024-01-25
Thomas Hamilton,Male,2002-12-03,080-2692-487,raymond21,Motorcycle,11978352,2023-12-28,2024-01-19,2024-02-12
Robert Martin,Female,1997-11-27,080-1915-3057,clarkmichael,Truck,38059981,2023-12-09,2023-12-14,2023-12-23
Elizabeth Miller,Female,1996-02-21,080-5595-8806,kberry,Motorcycle,45144530,2023-12-31,2024-01-06,2024-01-28
Katherine Moss,Male,1991-06-14,080-7250-5833,olopez,Car,10253886,2023-12-23,2024-01-04,2024-01-08
Kathleen Holmes,Male,2000-11-21,080-4234-7203,tstone,Car,83929776,2023-12-17,2023-12-20,2024-01-18
Daniel Mccoy,Female,2000-10-06,080-3047-5010,gilmorehector,Truck,69467834,2023-12-31,2024-01-02,2024-01-08
Jessica Carroll,Male,2004-01-24,080-9248-4631,adamsjacob,Truck,30053052,2023-12-21,2023-12-31,2024-01-06
Adam Herman,Female,1997-07-12,080-2273-1066,amymartin,Car,19406981,2023-12-30,2024-01-15,2024-01-16
Samuel Martin,Male,1989-11-01,080-7121-161,jonathan22,Motorcycle,27892047,2023-12-22,2024-01-17,2024-02-03
Diane Holmes,Female,1992-05-18,080-2692-9270,wernertimothy,Car,60747995,2023-12-20,2023-12-29,2023-12-30
Andrew Aguilar,Female,2001-04-29,080-4026-2364,jnguyen,Car,22313877,2023-12-16,2023-12-19,2024-01-11
Andrew Medina,Female,1989-01-04,080-8660-8197,nkirk,Truck,32452135,2023-12-31,2024-01-17,2024-01-29
Gregory Schneider,Female,2005-06-14,080-4875-8647,bryan,Motorcycle,17537373,2023-12-11,2023-12-20,2024-01-17
Michael Santos,Female,2000-01-29,080-1484-7218,veronica63,Car,90696931,2023-12-25,2023-12-30,2024-01-15
Kimberly Jenkins,Male,1989-08-31,080-6742-1334,richardmartin,Car,18238914,2023-12-26,2023-12-28,2024-01-03
Jose Brown Jr.,Female,1991-05-24,080-4110-6463,mitchellelizabeth,Car,85941228,2023-12-21,2023-12-27,2024-01-12
Richard Li,Female,2004-03-17,080-1764-9124,bclements,Car,23614084,2023-12-19,2024-01-01,2024-01-20
Matthew Williams,Female,1999-07-04,080-7403-2758,rossryan,Motorcycle,31567406,2023-12-22,2023-12-27,2024-01-03
Howard Morrison,Male,2005-08-03,080-1137-8462,nicholassnyder,Car,4911327,2023-12-28,2024-01-15,2024-02-02
Scott Green,Male,1996-02-20,080-5371-8137,jonathangreene,Truck,48838458,2023-12-22,2023-12-31,2024-01-07
Daniel Martin,Male,1988-05-27,080-9093-9973,tyler05,Truck,75895557,2023-12-29,2024-01-28,2024-02-01
Kenneth Allen,Female,2005-06-03,080-6122-3545,amber67,Truck,91385844,2023-12-13,2024-01-12,2024-02-05
Daniel Campbell,Male,1992-07-20,080-4258-8884,jhuff,Motorcycle,28813675,2023-12-11,2023-12-20,2023-12-27
Philip Lopez,Female,2005-06-30,080-4440-8610,kristin37,Truck,39040830,2023-12-19,2023-12-31,2024-01-08
Allison Richardson,Male,1998-07-13,080-4474-611,zthomas,Motorcycle,50937564,2023-12-18,2023-12-26,2024-01-18
Dawn Knight,Female,1988-08-12,080-6315-1266,richard38,Car,3241339,2023-12-08,2023-12-29,2024-01-04
Douglas Hall,Male,1997-05-07,080-179-1881,hillelizabeth,Motorcycle,79619283,2023-12-19,2023-12-28,2024-01-06
Daniel Navarro,Male,1994-10-27,080-7949-5781,robertmclaughlin,Truck,4093695,2023-12-26,2024-01-24,2024-02-08
Matthew Parker,Female,2002-11-08,080-4576-537,vmathis,Truck,2803526,2023-12-28,2024-01-14,2024-02-10
Jennifer Smith,Male,2004-02-04,080-4361-1964,scraig,Motorcycle,9030084,2023-12-26,2024-01-15,2024-01-20
Raymond Small,Female,1996-06-01,080-9471-7366,edwardsalexander,Motorcycle,28293946,2023-12-11,2023-12-23,2024-01-14
Amanda Krause,Male,2003-01-18,080-2814-9350,kwebb,Car,22242725,2023-12-22,2024-01-10,2024-01-11
Joan Gibson,Male,1991-11-17,080-568-5511,steventorres,Truck,97472392,2023-12-30,2024-01-02,2024-01-12
Scott Willis,Female,2003-07-02,080-4801-5596,betty82,Motorcycle,39679245,2023-12-27,2024-01-12,2024-01-15
John Wilson,Male,1992-03-29,080-2286-7797,johnsonvanessa,Car,38768590,2023-12-18,2024-01-15,2024-01-25
Mrs. Chelsea Knight,Male,2001-07-02,080-8285-3416,morganvanessa,Car,33302804,2023-12-21,2024-01-20,2024-02-05
Ms. Rebecca Erickson,Male,1989-03-06,080-1175-8450,brittany28,Truck,64232924,2023-12-16,2023-12-20,2024-01-03
Christine Everett,Male,1993-11-29,080-7511-1623,zpatterson,Car,80799453,2023-12-14,2024-01-06,2024-01-21
Sheila Sanders,Male,1999-04-18,080-2961-2176,stevenevans,Car,50342538,2023-12-20,2024-01-01,2024-01-02
Victor Snyder,Female,1996-03-06,080-6824-5473,amandagonzales,Truck,50181278,2023-12-27,2024-01-14,2024-01-21
Madison Stokes,Female,2004-04-24,080-777-4772,alexandramiller,Truck,23969165,2023-12-19,2024-01-16,2024-01-27
Kendra Avila,Female,1997-05-18,080-4542-3407,kevinjoseph,Truck,79153173,2023-12-20,2023-12-27,2024-01-19
Melvin Taylor,Male,1991-05-12,080-1112-1640,sanchezjohn,Car,40794633,2023-12-10,2024-01-09,2024-01-25
Lindsay Rivera,Male,2000-10-03,080-8036-1002,salazarnicholas,Motorcycle,37630916,2023-12-12,2023-12-29,2024-01-25
Erin Stanley,Male,1988-09-28,080-4077-5435,qstanley,Motorcycle,82091997,2023-12-08,2023-12-29,2024-01-13
Bobby Barnett,Male,2002-10-02,080-9644-9840,andersonashley,Car,14592755,2023-12-10,2023-12-11,2024-01-02
Mary Williams,Female,1990-11-23,080-5757-4380,uweaver,Motorcycle,15399271,2023-12-30,2024-01-09,2024-01-13
Sandra Escobar,Female,2002-05-17,080-6675-356,changcindy,Motorcycle,217883,2023-12-28,2024-01-16,2024-02-05
Christopher Johns,Female,2005-03-25,080-6018-474,jacksonerica,Truck,98991901,2023-12-12,2023-12-21,2024-01-20
Ashlee Martinez,Male,1999-08-19,080-2326-5741,austin97,Car,24574341,2023-12-17,2024-01-08,2024-01-16
Katherine Wilson,Female,1989-08-05,080-5146-8481,donaldgriffin,Motorcycle,35459738,2023-12-16,2024-01-05,2024-01-18
Jessica Willis,Female,1989-02-14,080-4729-2262,jackjohnson,Car,50915791,2023-12-19,2023-12-26,2024-01-20
Eric Burgess,Female,1993-04-10,080-996-3275,lovetimothy,Car,50848616,2023-12-11,2023-12-15,2023-12-29
Faith Myers,Female,2000-09-15,080-8204-8112,cunninghamlisa,Motorcycle,56295923,2023-12-13,2023-12-15,2024-01-11
Kimberly Parker,Female,2003-09-04,080-2410-9369,fgarcia,Truck,92836672,2023-12-21,2024-01-20,2024-02-16
David Wolfe,Male,1996-03-08,080-6308-9372,floresmichael,Car,4789257,2023-12-15,2023-12-29,2023-12-30
John Henry,Female,2000-08-24,080-5008-606,john54,Car,68306912,2023-12-09,2024-01-06,2024-01-23
Kaitlyn Preston,Male,2001-08-19,080-962-8861,allison02,Motorcycle,82093335,2023-12-30,2024-01-11,2024-01-24
Yesenia Miller,Female,2004-11-12,080-5038-8018,jessica58,Car,73365673,2023-12-12,2024-01-07,2024-02-01
Kristen Greene,Female,1999-01-23,080-3254-9417,tamiramirez,Motorcycle,14214828,2023-12-28,2024-01-18,2024-02-17
Richard Johnston,Male,2002-06-16,080-5066-646,btyler,Motorcycle,50668467,2023-12-20,2024-01-18,2024-02-07
Jay Kemp,Female,2003-02-07,080-4967-9583,michael80,Truck,24160760,2023-12-31,2024-01-27,2024-02-20
Sharon Cohen,Male,1989-09-15,080-7026-4198,brandon32,Truck,2788042,2023-12-13,2024-01-09,2024-01-27
Jeffrey Perkins,Female,1989-09-17,080-2024-9806,hawkinsjohn,Car,83606050,2023-12-21,2024-01-13,2024-02-03
Michelle Duncan,Male,1991-05-07,080-8837-5660,sconrad,Motorcycle,54764364,2023-12-23,2023-12-27,2024-01-11
Matthew Patterson,Female,2003-01-12,080-5039-8457,wfisher,Car,18245080,2023-12-18,2024-01-14,2024-01-17
Patricia Evans,Female,1995-08-27,080-4681-1209,mossamanda,Truck,15303229,2023-12-15,2023-12-23,2024-01-15
Edward Bonilla,Male,2003-09-22,080-5786-2940,edwardsadam,Truck,88210659,2023-12-28,2024-01-24,2024-02-11
Eric Wilkerson,Female,2002-03-03,080-5124-9264,olivergeoffrey,Truck,73594383,2023-12-29,2024-01-10,2024-01-18
Allison Campbell,Male,1993-02-11,080-9565-4338,stephaniecoleman,Car,95321616,2023-12-10,2023-12-19,2024-01-06
Richard Harris,Male,1988-01-29,080-1822-8394,pbarnett,Car,43578,2023-12-19,2023-12-23,2024-01-13
Christina Thomas,Male,2003-12-17,080-5578-8714,fjenkins,Motorcycle,46236090,2023-12-30,2024-01-14,2024-01-25
Joseph Beasley,Female,2002-10-22,080-3896-5555,blawrence,Car,30682048,2023-12-25,2024-01-12,2024-01-17
Dustin Murphy,Male,1993-02-12,080-8482-1442,kiddtimothy,Truck,35454841,2023-12-13,2023-12-28,2024-01-21
Dawn Byrd,Female,1996-03-07,080-6292-9571,maddoxoscar,Motorcycle,11316203,2023-12-31,2024-01-29,2024-02-19
Alexandra Cruz,Female,1993-02-14,080-6823-9964,james50,Car,75345525,2023-12-08,2024-01-02,2024-02-01
Brian Campbell,Male,1988-03-30,080-4334-2149,drusso,Truck,83935495,2023-12-24,2024-01-08,2024-01-23
Crystal Holloway,Male,1999-12-09,080-3144-6007,pperkins,Truck,36513794,2023-12-11,2024-01-01,2024-01-07
Caitlyn Carpenter,Male,1996-02-05,080-4239-4000,nruiz,Car,9688254,2023-12-14,2023-12-19,2024-01-10
Robert Wood,Male,1996-12-05,080-5260-508,anna28,Truck,73164621,2023-12-24,2023-12-28,2024-01-24
Charles Burke,Female,1988-10-17,080-8601-8623,tylerdoyle,Truck,48558089,2023-12-25,2024-01-05,2024-01-07
Richard Fox,Male,1993-08-18,080-7205-3437,jeremyreid,Truck,64931628,2023-12-27,2024-01-01,2024-01-18
Ryan Johnson,Female,2005-01-20,080-9943-1101,moorewilliam,Car,92862054,2023-12-15,2023-12-23,2024-01-13
Zachary Hood,Female,2002-10-03,080-23-9103,juliestein,Truck,94600563,2023-12-28,2024-01-26,2024-02-22
Scott Kennedy,Female,1990-07-05,080-2871-813,johnsmith,Car,5080864,2023-12-18,2023-12-24,2024-01-11
Darren King,Female,1994-07-20,080-3536-536,abigailallen,Truck,3820667,2023-12-08,2023-12-12,2024-01-10
Marie Stephens,Female,2000-05-18,080-8192-1591,dwang,Motorcycle,10222405,2023-12-13,2023-12-20,2024-01-03
Cody Lopez,Male,2005-07-30,080-1359-7982,ecruz,Truck,41057142,2023-12-11,2023-12-16,2024-01-15
Elizabeth Thompson,Male,1993-01-06,080-3449-7555,churchthomas,Motorcycle,24949827,2023-12-26,2024-01-04,2024-02-02
Molly Martinez,Female,1991-08-12,080-5574-2536,kristenallison,Motorcycle,30891567,2023-12-14,2024-01-03,2024-02-01
Erin Grant,Female,1993-06-30,080-2728-172,fmueller,Car,83026412,2023-12-26,2024-01-13,2024-01-29
Megan Ball,Male,1998-05-25,080-2168-4229,mcgrathguy,Car,36438198,2023-12-15,2024-01-03,2024-01-28
Walter Rodgers,Male,2004-03-02,080-4413-9936,zsullivan,Car,36527101,2023-12-12,2023-12-16,2023-12-23
Jessica Turner,Male,1998-03-01,080-5731-3498,robert16,Truck,96619497,2023-12-27,2024-01-01,2024-01-18
Michelle Green,Male,1993-04-27,080-8083-7961,charles25,Truck,50652350,2023-12-16,2024-01-05,2024-01-25
Stephen Macias,Female,1995-06-01,080-5195-4136,melissadelgado,Truck,25510344,2023-12-18,2024-01-12,2024-01-28
Susan Martin,Female,2004-04-22,080-3556-8109,nunezmichele,Car,99672053,2023-12-16,2023-12-19,2023-12-29
Rebecca Levy,Female,2004-07-07,080-2260-462,joseph76,Truck,78903765,2023-12-10,2023-12-26,2024-01-24
Heather Riley,Male,2003-12-01,080-126-5975,williamsonralph,Motorcycle,85555429,2023-12-10,2023-12-26,2024-01-15
Samuel Walker,Male,2002-04-08,080-9398-8127,dana90,Car,80955611,2023-12-20,2024-01-01,2024-01-20
Kristen Myers,Male,2001-10-15,080-7312-5318,fhill,Motorcycle,36280569,2023-12-24,2024-01-19,2024-02-06
Zachary Rocha,Male,2000-04-23,080-668-2063,framsey,Truck,79147868,2023-12-21,2024-01-16,2024-02-05
Gwendolyn James,Male,1994-01-04,080-1164-3398,travis68,Car,10872937,2023-12-10,2024-01-02,2024-01-15
Crystal Glenn,Female,2003-03-25,080-5327-4906,nathaniel43,Motorcycle,43630211,2023-12-21,2023-12-22,2023-12-30
Dave Davis,Male,1993-05-18,080-7724-9706,williamsruth,Car,25207054,2023-12-22,2024-01-14,2024-02-07
Andrew Kennedy,Female,1991-03-14,080-1805-8431,stephen16,Car,51037619,2023-12-13,2024-01-12,2024-02-05
Brandon Johnson,Female,1992-12-17,080-8818-1606,qolsen,Truck,60770519,2023-12-27,2024-01-23,2024-01-24
Ariel Stewart,Female,1993-04-04,080-6842-7804,sarah42,Motorcycle,35462213,2023-12-16,2024-01-10,2024-02-08
Alison Shaffer,Female,1988-08-25,080-4341-804,douglasduncan,Car,30234736,2023-12-20,2024-01-18,2024-01-21
Andrew Gonzalez,Female,1993-10-08,080-3969-1573,lisasmith,Car,15589467,2023-12-26,2024-01-25,2024-02-16
Gary Neal,Female,1993-05-09,080-462-8836,wnguyen,Truck,704747,2023-12-21,2024-01-03,2024-01-05
Sally Ross,Male,1998-10-17,080-935-1236,usexton,Truck,73911003,2023-12-27,2024-01-09,2024-01-17
Samantha Smith,Female,1988-10-25,080-9970-6132,jasmine14,Motorcycle,93783874,2023-12-28,2024-01-25,2024-02-10
Nicholas Thompson,Female,1988-10-05,080-5530-1377,blakeaguilar,Motorcycle,89851921,2023-12-15,2024-01-04,2024-01-27
Darren Moody,Male,1989-12-20,080-3172-7047,hgomez,Motorcycle,61006306,2023-12-17,2023-12-19,2023-12-30
Elizabeth Pierce,Female,1994-12-11,080-6733-6928,johnchavez,Car,65899884,2023-12-08,2023-12-23,2023-12-31
Jennifer Grant,Female,2000-08-22,080-8365-7410,robert85,Truck,56412691,2023-12-28,2024-01-24,2024-02-05
Michael Allen,Female,1992-06-19,080-9151-423,xgamble,Truck,35871787,2023-12-21,2024-01-09,2024-01-17
Ernest Huerta,Male,1989-02-08,080-3379-6979,randywerner,Car,77884061,2023-12-28,2024-01-04,2024-01-24
Lisa Ward,Female,2003-11-26,080-5551-1180,roberto93,Car,81081726,2023-12-16,2023-12-28,2024-01-01
Beth Chaney,Male,2000-04-15,080-2774-8852,donaldsanders,Motorcycle,57857619,2023-12-15,2023-12-29,2024-01-21
Damon Klein,Female,1993-02-08,080-1149-7624,adrianharris,Truck,17134244,2023-12-12,2023-12-17,2024-01-06
Julian Carlson,Female,2002-11-30,080-7627-3873,salinasjulie,Car,28606908,2023-12-23,2023-12-28,2023-12-31
Mr. Daniel Barton,Male,1995-02-13,080-7033-264,brownshannon,Motorcycle,27303155,2023-12-30,2024-01-10,2024-01-22
Michael Ortiz,Female,2003-06-16,080-9357-5032,andrefarmer,Truck,7317285,2023-12-20,2024-01-12,2024-01-19
Kenneth Mitchell,Female,1988-09-21,080-5438-3531,donaldmiller,Car,8776966,2023-12-26,2024-01-17,2024-01-21
Sandra Bennett,Male,2005-06-22,080-7558-3856,jessicatorres,Car,83319535,2023-12-28,2024-01-14,2024-01-22
Jon Patrick,Female,2003-06-16,080-1614-6598,jill55,Motorcycle,79425522,2023-12-27,2024-01-23,2024-01-25
David Cochran,Male,1992-10-17,080-4485-8102,pday,Motorcycle,3037895,2023-12-19,2023-12-29,2024-01-03
Jessica Stewart,Female,1993-03-13,080-5029-7300,johnsonbrian,Motorcycle,13034443,2023-12-16,2023-12-25,2024-01-22
Douglas Thompson,Male,2002-07-25,080-2762-8610,andersonkathy,Car,27110612,2023-12-10,2024-01-04,2024-01-23
Brandon Atkins,Female,1994-06-11,080-8954-654,amanda08,Truck,53011728,2023-12-30,2024-01-24,2024-02-04
Jim Jefferson,Female,1997-11-29,080-8773-7813,amynguyen,Motorcycle,59974050,2023-12-10,2023-12-19,2023-12-22
Anthony Mitchell,Male,1997-04-08,080-1855-8384,qcasey,Car,38115731,2023-12-08,2023-12-13,2023-12-30
Joshua Lynch,Male,1994-01-15,080-1960-8173,robertamiller,Motorcycle,87829773,2023-12-29,2023-12-31,2024-01-16
Jacob Gonzales,Male,1995-11-24,080-7957-8424,thomasmolly,Motorcycle,91138649,2023-12-10,2023-12-15,2024-01-06
Joseph Klein,Male,2002-05-29,080-9628-1931,bhopkins,Truck,38895313,2023-12-26,2024-01-17,2024-01-30
Christopher Davis,Male,1991-11-22,080-6234-2037,victoria85,Truck,23305927,2023-12-30,2024-01-10,2024-01-26
Mary Perez,Female,1990-11-23,080-9054-9671,maysheri,Truck,53847928,2023-12-28,2024-01-01,2024-01-09
Ashley Duarte MD,Female,2005-09-18,080-1870-285,ngriffin,Truck,45295071,2023-12-31,2024-01-11,2024-02-01
Fernando Allen,Female,1999-07-16,080-7366-671,elizabethbrown,Car,89225750,2023-12-12,2023-12-23,2024-01-17
Chelsea Pace,Female,2001-01-21,080-3581-2516,ramirezjessica,Truck,83635176,2023-12-20,2024-01-18,2024-01-27
Patrick Abbott,Male,2001-03-13,080-9647-3950,matthewedwards,Motorcycle,62242506,2023-12-27,2024-01-25,2024-02-17
Jeffrey Wolfe,Female,2004-12-09,080-8177-4277,gregorydean,Motorcycle,48657660,2023-12-20,2024-01-05,2024-01-30
Roy Alvarez,Female,1990-11-21,080-4632-7054,paynekimberly,Car,37684317,2023-12-15,2024-01-07,2024-02-04
Michael Hill,Male,1991-03-30,080-4306-8901,wilsonkaren,Truck,16145400,2023-12-17,2023-12-19,2023-12-26
Michael Kelly,Male,1992-12-30,080-6093-5449,lpaul,Truck,60583185,2023-12-20,2023-12-27,2024-01-17
Vernon Chavez,Male,2001-10-26,080-8117-1851,jessica62,Car,58411145,2023-12-23,2023-12-25,2023-12-29
James Heath,Female,2004-01-20,080-4860-2922,kbooker,Car,75470184,2023-12-24,2024-01-14,2024-01-29
Jared Gonzalez,Male,1988-06-13,080-7754-2592,flarsen,Motorcycle,88714554,2023-12-19,2024-01-10,2024-02-02
Julia Rios,Female,1996-12-01,080-195-2617,qwalker,Car,93327314,2023-12-08,2023-12-25,2024-01-02
Natalie Crawford,Female,1997-05-02,080-2562-9133,psmith,Truck,90023478,2023-12-23,2024-01-11,2024-02-09
Christina Smith,Male,2005-07-26,080-5730-7244,tamara50,Car,71495081,2023-12-14,2023-12-15,2023-12-23
Sarah Tran,Female,2002-12-16,080-2498-1257,fgarcia,Car,29212437,2023-12-18,2024-01-01,2024-01-08
Christian Crawford,Male,1995-07-07,080-2395-7456,xnolan,Car,773015,2023-12-18,2023-12-27,2024-01-02
Nicole Knight,Female,1997-09-15,080-7976-5933,william63,Car,73620913,2023-12-22,2024-01-17,2024-01-28
Joshua Holden,Male,2000-03-03,080-1813-1056,swest,Truck,6151375,2023-12-13,2024-01-06,2024-01-29
Ryan Hoffman,Male,1994-06-03,080-7406-9772,brenda40,Motorcycle,8938856,2023-12-12,2024-01-03,2024-01-23
Karen Mason,Female,2003-07-20,080-756-9951,richardrita,Truck,24066441,2023-12-19,2024-01-15,2024-02-06
Sandra Baker,Male,2003-02-19,080-9139-505,julia11,Truck,99766314,2023-12-26,2024-01-03,2024-01-30
William Lawrence,Male,2000-11-07,080-5197-1893,pamelamartin,Car,49003940,2023-12-24,2023-12-30,2024-01-12
Alec Fisher,Female,1992-05-01,080-5483-4867,joel54,Motorcycle,18591066,2023-12-30,2024-01-26,2024-02-07
Kathryn Nichols,Female,1993-04-23,080-1646-8102,sararoberson,Truck,51006957,2023-12-20,2024-01-15,2024-02-11
Juan Peterson,Male,2005-07-16,080-6821-3725,tracydunn,Motorcycle,23646123,2023-12-30,2024-01-14,2024-01-23
Cynthia Ward,Male,1995-03-16,080-3778-6617,oliviaharris,Motorcycle,16578199,2023-12-10,2024-01-01,2024-01-09
Charles Hill,Male,1991-01-08,080-3580-4165,kyoung,Car,78750613,2023-12-19,2023-12-30,2023-12-31
Dalton Taylor,Female,1994-11-09,080-2183-6075,thompsonnorma,Car,71414459,2023-12-22,2024-01-09,2024-01-20
Nancy Bruce,Male,1991-03-18,080-8878-348,kimberlycervantes,Truck,37560634,2023-12-15,2023-12-22,2023-12-27
Kyle Washington,Male,2004-03-04,080-6758-644,kochjulie,Car,34905726,2023-12-23,2024-01-16,2024-01-23
Angela Swanson,Male,1993-10-30,080-9721-1173,iyoung,Car,15184783,2023-12-08,2023-12-17,2024-01-07
Gary Marshall,Male,1990-11-21,080-5850-6886,burkechristopher,Car,8581679,2023-12-28,2023-12-29,2024-01-28
Sarah Arias,Male,1992-10-22,080-7358-1018,bhendrix,Car,65752522,2023-12-27,2024-01-23,2024-02-18
Matthew Ellis,Female,1997-01-15,080-9086-8004,lopezanthony,Motorcycle,87796589,2023-12-25,2024-01-17,2024-01-18
Karen Bond,Female,1988-11-07,080-4913-2104,awilliams,Truck,67527132,2023-12-31,2024-01-17,2024-02-12
Todd Garcia,Female,2005-04-26,080-8767-2914,barbaragarrett,Truck,39551715,2023-12-20,2023-12-24,2023-12-28
Tanner Owens,Male,2000-06-08,080-3579-8342,nberry,Motorcycle,44674845,2023-12-12,2023-12-17,2023-12-29
Lori Hill,Male,2005-10-07,080-2826-10,fullerdiane,Car,12942727,2023-12-17,2024-01-11,2024-01-27
Carrie Mathews,Male,1989-08-03,080-9768-6438,whitedarius,Motorcycle,20687059,2023-12-20,2024-01-16,2024-02-12
Craig Hickman,Female,1995-12-18,080-7743-4575,wbarnes,Truck,85067584,2023-12-19,2023-12-20,2024-01-08
Natalie Bullock,Female,2004-10-28,080-8360-6401,blackgeorge,Motorcycle,29249179,2023-12-28,2024-01-21,2024-01-26
Jamie Jones,Female,1998-11-16,080-3229-9347,vlong,Truck,41889667,2023-12-28,2024-01-06,2024-02-03
Theresa Myers,Female,1993-09-22,080-2060-8725,sherrijohnson,Truck,95230362,2023-12-22,2024-01-06,2024-01-24
Tamara Wells,Female,1992-12-25,080-2630-1851,johnsonchristopher,Truck,73903081,2023-12-23,2024-01-03,2024-01-04
Justin Watkins,Female,1998-11-18,080-7280-4655,jbeck,Motorcycle,98760201,2023-12-29,2024-01-23,2024-02-09
Christina Reyes,Male,1989-09-09,080-652-7984,bnelson,Car,38206525,2023-12-21,2024-01-01,2024-01-16
Carla Perkins,Female,1993-08-06,080-5745-7200,tlarson,Car,18151345,2023-12-12,2023-12-16,2023-12-26
Carolyn Martin,Male,1997-02-09,080-912-3220,fryjennifer,Truck,58305793,2023-12-21,2024-01-09,2024-01-31
Lisa Wheeler,Male,1988-04-02,080-1938-9696,mooregabrielle,Motorcycle,48266338,2023-12-09,2023-12-19,2024-01-06
Amanda Robinson,Female,1996-08-30,080-2217-2596,sarah37,Car,2544997,2023-12-08,2024-01-07,2024-01-10
Kaylee Hunter,Male,1989-09-14,080-4800-1572,luis75,Motorcycle,62041501,2023-12-17,2023-12-30,2024-01-05
Mathew Brown,Male,1989-10-31,080-9585-4511,jeremyanderson,Car,89185454,2023-12-25,2024-01-19,2024-02-07
John Barnett,Male,1998-10-28,080-7033-5174,wgibson,Car,96347523,2023-12-27,2024-01-04,2024-01-26
John Henderson,Male,2003-05-16,080-3869-7153,hhernandez,Car,53706754,2023-12-10,2024-01-04,2024-01-18
Penny Gonzales,Female,2005-09-11,080-2913-4119,contrerasnatalie,Truck,37088319,2023-12-15,2023-12-30,2024-01-03
Brian Mayo,Male,2003-02-28,080-9062-1819,hjohnson,Truck,97742137,2023-12-17,2023-12-22,2024-01-16
Wendy Marshall,Male,1988-02-23,080-8149-2233,monicawilson,Truck,19912146,2023-12-29,2024-01-10,2024-01-28
Mary Lee,Female,1993-11-25,080-6345-5312,barreratyler,Truck,10130201,2023-12-11,2023-12-25,2024-01-01
Beth Foster,Male,1988-02-07,080-6420-4306,thompsonbrandon,Motorcycle,67869038,2023-12-15,2024-01-10,2024-01-31
Courtney Davis,Female,2004-12-29,080-3290-5802,joshuarobertson,Motorcycle,60944965,2023-12-12,2023-12-29,2024-01-06
Blake Walter,Male,1999-03-20,080-388-9586,landrydennis,Truck,85952805,2023-12-18,2023-12-21,2023-12-24
Melissa Evans,Female,2003-10-27,080-82-9440,brittanyruiz,Car,84978981,2023-12-11,2023-12-13,2024-01-05
Timothy Brown,Female,2001-03-03,080-1582-8139,mary51,Car,48330746,2023-12-28,2023-12-29,2024-01-27
Andrea Schmidt,Female,1998-10-18,080-5854-362,bjohnson,Motorcycle,65428712,2023-12-19,2023-12-26,2024-01-03
Barbara Richmond,Male,1990-06-13,080-9138-9792,awood,Truck,35630413,2023-12-15,2023-12-27,2024-01-22
George Clark,Male,1990-09-21,080-5947-612,hcooper,Car,63433200,2023-12-15,2024-01-04,2024-01-15
Natalie Pearson,Male,1994-03-10,080-5430-3534,floreskevin,Motorcycle,54816533,2023-12-19,2023-12-26,2024-01-07
George Abbott,Male,2000-08-14,080-1033-1741,louisadams,Motorcycle,1227207,2023-12-29,2024-01-22,2024-02-12
Stephen Hamilton,Female,1998-11-12,080-7374-2126,fwest,Motorcycle,46576022,2023-12-28,2024-01-09,2024-02-01
Maria Torres,Female,2001-03-02,080-4216-1712,fdaugherty,Motorcycle,48784348,2023-12-10,2023-12-27,2024-01-06
Elizabeth Campbell,Female,2002-03-26,080-6252-8087,susan76,Motorcycle,7997750,2023-12-08,2023-12-17,2024-01-15
Toni Williamson,Male,1992-04-11,080-9941-9916,raven99,Car,12230077,2023-12-31,2024-01-01,2024-01-30
Sara Wright,Male,2000-08-02,080-8723-6735,thomasfowler,Motorcycle,39282896,2023-12-11,2023-12-25,2024-01-05
Marilyn Wise,Female,2005-08-17,080-240-4884,melissa91,Motorcycle,22017293,2023-12-24,2023-12-25,2024-01-03
Caleb Rhodes,Female,1995-05-20,080-3872-6947,mmack,Car,26197569,2023-12-25,2024-01-01,2024-01-02
Mark Chang,Female,1991-03-04,080-4537-6568,hroy,Motorcycle,87314567,2023-12-18,2024-01-14,2024-02-07
Kathy Roberts,Female,2003-03-27,080-3268-9451,awhite,Car,38617388,2023-12-08,2023-12-31,2024-01-07
Blake Williams,Female,2002-04-26,080-7515-8621,eric18,Truck,60827804,2023-12-11,2024-01-01,2024-01-17
Joshua Contreras,Female,1991-08-18,080-1394-2978,ocrane,Car,74128952,2023-12-22,2024-01-14,2024-01-29
Wesley Daniels,Male,1995-01-26,080-2365-3145,gallegosrobert,Motorcycle,65524180,2023-12-12,2023-12-20,2024-01-18
Jennifer Garcia,Female,2003-12-23,080-3960-9824,hlopez,Truck,45590010,2023-12-28,2024-01-17,2024-02-01
Brandon Harper,Female,1991-07-13,080-1298-4797,gomezadam,Truck,97468251,2023-12-08,2024-01-06,2024-01-21
Gerald Smith,Male,1992-10-02,080-7900-5316,gomeztonya,Car,63465462,2023-12-20,2024-01-17,2024-01-22
Robert Wang,Male,2003-06-22,080-5251-3880,browncassandra,Car,52633177,2023-12-31,2024-01-30,2024-02-06
Kelly Wells,Male,1994-08-29,080-4743-7719,joshuapowell,Motorcycle,11904650,2023-12-08,2023-12-10,2023-12-22
Dalton Evans,Female,1993-01-13,080-8956-4703,pmullen,Truck,98081121,2023-12-13,2023-12-29,2024-01-17
Maureen Price,Female,1989-02-14,080-2011-2198,dnoble,Car,34875920,2023-12-10,2023-12-18,2024-01-09
Emily Miller,Female,1997-03-16,080-8056-3678,khenderson,Truck,12920385,2023-12-13,2024-01-04,2024-02-03
Tom Davis,Female,2003-10-18,080-3887-4865,john31,Motorcycle,67898720,2023-12-31,2024-01-22,2024-01-30
Jason Webb,Male,1996-02-18,080-1907-7193,zhinton,Truck,78037045,2023-12-16,2023-12-27,2024-01-05
Christopher Savage,Female,1998-02-26,080-6320-8820,jasoncabrera,Car,58061957,2023-12-08,2024-01-03,2024-01-17
Ryan Lee,Male,2004-01-29,080-8047-6560,joshua75,Truck,6943560,2023-12-24,2024-01-23,2024-02-02
Ashley Brewer,Male,1999-08-08,080-2401-8791,agonzalez,Car,81108271,2023-12-20,2024-01-14,2024-02-09
Elizabeth Lee,Female,1989-04-14,080-9141-1620,robertblack,Car,52911271,2023-12-20,2023-12-28,2024-01-21
